{
    "num_labels": 4,
    "theta": [
        [
            -1.6589966512924024,
            -0.09848053272294362,
            -0.7750333869429191,
            -0.2269473948774438,
            0.25275721957628405,
            -0.16055810786738306,
            0.7317578989348198,
            -0.9278742428936987,
            -0.33013132306067,
            -0.029461790804299885,
            -0.4453835652070405,
            0.8884624192033912
        ],
        [
            -1.0201515707581537,
            0.039820569731685185,
            1.0666953787397326,
            -1.2820448211610624,
            0.6709334477962767,
            -0.6989346395503652,
            -1.1810401256594785,
            0.603577201138408,
            -0.27043467880896443,
            -0.006406580779482225,
            -0.10078048034360174,
            -0.4348858595921262
        ],
        [
            -1.2945812082820964,
            0.0983563532617249,
            0.3720160235981209,
            0.8038331840216163,
            0.2457379970573624,
            1.0993680963953423,
            0.8595806366838347,
            0.1344495686600265,
            0.10649605016219355,
            0.03483981192049683,
            0.9303700792551157,
            -0.04898110506079237
        ],
        [
            -1.8288951823636217,
            0.00587557775903696,
            -0.7014497426518017,
            0.7236570726300632,
            -1.190826796768985,
            -0.23906019605878837,
            -0.37944983635290286,
            0.18017049842332408,
            0.4975422107193232,
            -0.016996611793009247,
            -0.41194724670836486,
            -0.41452715607375673
        ]
    ],
    "feature_names": [
        "Arithmancy",
        "Herbology",
        "Defense Against the Dark Arts",
        "Divination",
        "Muggle Studies",
        "Ancient Runes",
        "Transfiguration",
        "Potions",
        "Care of Magical Creatures",
        "Charms",
        "Flying"
    ],
    "house_mapping": {
        "Gryffindor": 1,
        "Hufflepuff": 2,
        "Ravenclaw": 3,
        "Slytherin": 4
    }
}